source_name,source_sedol,ticker,company,mapping_source
BHP GROUP LTD,6144690,BHP.AX,BHP GROUP LTD,openfigi
COMMONW BK AUSTR,6215035,CBA.AX,COMMONWEALTH BANK OF AUSTRAL,openfigi
WESTPAC BANKING,6076146,WBC.AX,WESTPAC BANKING CORP,openfigi
NATL AUST BANK,6624608,NAB.AX,NATIONAL AUSTRALIA BANK LTD,openfigi
ANZ GROUP HOLDIN,6065586,ANZ.AX,ANZ GROUP HOLDINGS LTD,openfigi
WESFARMERS LTD,6948836,WES.AX,WESFARMERS LTD,openfigi
MACQUARIE GROUP,B28YTC2,MQG.AX,MACQUARIE GROUP LTD,openfigi
RIO TINTO LTD,6220103,RIO.AX,RIO TINTO LTD,openfigi
CSL LTD,6185495,CSL.AX,CSL LTD,openfigi
WOODSIDE ENERGY,BMGT167,WDS.AX,WOODSIDE ENERGY GROUP LTD,openfigi
GOODMAN GROUP,B03FYZ4,GMG.AX,GOODMAN GROUP,openfigi
TELSTRA GROUP LT,6087289,TLS.AX,TELSTRA GROUP LTD,openfigi
WOOLWORTHS GROUP,6981239,WOW.AX,WOOLWORTHS GROUP LTD,openfigi
TRANSURBAN GROUP,6200882,TCL.AX,TRANSURBAN GROUP,openfigi
QBE INSURANCE,6715740,QBE.AX,QBE INSURANCE GROUP LTD,openfigi
ARISTOCRAT LEISU,6253983,ALL.AX,ARISTOCRAT LEISURE LTD,openfigi
COLES GROUP LTD,BYWR0T5,COL.AX,COLES GROUP LTD,openfigi
NORTHERN STAR RE,6717456,NST.AX,NORTHERN STAR RESOURCES LTD,openfigi
FORTESCUE LTD,6086253,FMG.AX,FORTESCUE LTD,openfigi
BRAMBLES LTD,B1FJ0C0,BXB.AX,BRAMBLES LTD,openfigi
EVOLUTION MINING,B3X0F91,EVN.AX,EVOLUTION MINING LTD,openfigi
SANTOS LTD,6776703,STO.AX,SANTOS LTD,openfigi
COMPUTERSHARE LT,6180412,CPU.AX,COMPUTERSHARE LTD,openfigi
SOUTH32 LTD,BWSW5D9,S32.AX,SOUTH32 LTD,openfigi
SUNCORP GROUP LT,6585084,SUN.AX,SUNCORP GROUP LTD,openfigi
SCENTRE GROUP,BLZH0Z7,SCG.AX,SCENTRE GROUP,openfigi
INSURANCE AUSTRA,6271026,IAG.AX,INSURANCE AUSTRALIA GROUP,openfigi
ORIGIN ENERGY,6214861,ORG.AX,ORIGIN ENERGY LTD,openfigi
WASHINGTON H SOU,6821807,SOL.AX,WASHINGTON H SOUL PATTINSON,openfigi
QANTAS AIRWAYS,6710347,QAN.AX,QANTAS AIRWAYS LTD,openfigi
BLUESCOPE STEEL,6533232,BSL.AX,BLUESCOPE STEEL LTD,openfigi
SIGMA HEALTHCARE,BF13K02,SIG.AX,SIGMA HEALTHCARE LTD,openfigi
MEDIBANK PRIVATE,BRTNNQ5,MPL.AX,MEDIBANK PRIVATE LTD,openfigi
LYNAS RARE EARTH,6121176,LYC.AX,LYNAS RARE EARTHS LTD,openfigi
PLS GROUP LTD,B2368L5,PLS.AX,PLS GROUP LTD,openfigi
XERO LTD,B8P4LP4,XRO.AX,XERO LTD,openfigi
APA GROUP,6247306,APA.AX,APA GROUP,openfigi
LOTTERY CORP LTD,BNRQW72,TLC.AX,LOTTERY CORP LTD/THE,openfigi
NEXTDC LTD,B5LMKP4,NXT.AX,NEXTDC LTD,openfigi
ALS LTD,B86SZR5,ALQ.AX,ALS LTD,openfigi
ASX LTD,6129222,ASX.AX,ASX LTD,openfigi
CHARTER HALL GRO,B15F6S6,CHC.AX,CHARTER HALL GROUP,openfigi
MINERAL RESOURCE,B17ZL56,MIN.AX,MINERAL RESOURCES LTD,openfigi
ORICA LTD,6458001,ORI.AX,ORICA LTD,openfigi
STOCKLAND,6850856,SGP.AX,STOCKLAND,openfigi
VICINITY CENTRES,BY7QXS7,VCX.AX,VICINITY CENTRES,openfigi
SONIC HEALTHCARE,6821120,SHL.AX,SONIC HEALTHCARE LTD,openfigi
GPT GROUP,6365866,GPT.AX,GPT GROUP,openfigi
SANDFIRE RESOURC,6739739,SFR.AX,SANDFIRE RESOURCES LTD,openfigi
CAR GROUP LTD,BW0BGZ3,CAR.AX,CAR GROUP LTD,openfigi
TECHNOLOGY ONE,6302410,TNE.AX,TECHNOLOGY ONE LTD,openfigi
PRO MEDICUS LTD,6292782,PME.AX,PRO MEDICUS LTD,openfigi
AMPOL LTD,BM91201,ALD.AX,AMPOL LTD,openfigi
JB HI-FI LTD,6702623,JBH.AX,JB HI-FI LTD,openfigi
SGH LTD,BR858V2,SGH.AX,SGH LTD,openfigi
RAMSAY HEALTH,6041995,RHC.AX,RAMSAY HEALTH CARE LTD,openfigi
REA GROUP LTD,6198578,REA.AX,REA GROUP LTD,openfigi
WISETECH GLOBAL,BZ8GX83,WTC.AX,WISETECH GLOBAL LTD,openfigi
COCHLEAR LTD,6211798,COH.AX,COCHLEAR LTD,openfigi
GENESIS MINERALS,B23G0X1,GMD.AX,GENESIS MINERALS LTD,openfigi
MIRVAC GROUP,6161978,MGR.AX,MIRVAC GROUP,openfigi
PERSEUS MINING,B02FBC1,PRU.AX,PERSEUS MINING LTD,openfigi
AURIZON HOLDINGS,B87CVM3,AZJ.AX,AURIZON HOLDINGS LTD,openfigi
RAMELIUS RESOURC,6586872,RMS.AX,RAMELIUS RESOURCES LTD,openfigi
BENDIGO AND ADEL,6091280,BEN.AX,BENDIGO AND ADELAIDE BANK,openfigi
DEXUS/AU,B033YN6,DXS.AX,DEXUS/AU,openfigi
HUB24 LTD,BD4T5X1,HUB.AX,HUB24 LTD,openfigi
CAPRICORN METALS,BDD98W2,CMM.AX,CAPRICORN METALS LTD,openfigi
AMP LTD,6709958,AMP.AX,AMP LTD,openfigi
DYNO NOBEL LTD,BVBH523,DNL.AX,DYNO NOBEL LTD,openfigi
GREATLAND RESOUR,BTXLW40,GGP.AX,GREATLAND RESOURCES LTD,openfigi
VAULT MINERALS L,BSML1B4,VAU.AX,VAULT MINERALS LTD,openfigi
ENDEAVOUR GROUP,BNVS144,EDV.AX,ENDEAVOUR GROUP LTD/AUSTRALI,openfigi
WHITEHAVEN COAL,B1XQXC4,WHC.AX,WHITEHAVEN COAL LTD,openfigi
STEADFAST GROUP,BCT5FD7,SDF.AX,STEADFAST GROUP LTD,openfigi
WESTGOLD RESOURC,BYVQ673,WGX.AX,WESTGOLD RESOURCES LTD,openfigi
DOWNER EDI LTD,6465573,DOW.AX,DOWNER EDI LTD,openfigi
REGIS RESOURCES,6476542,RRL.AX,REGIS RESOURCES LTD,openfigi
SEEK LTD,B0767Y3,SEK.AX,SEEK LTD,openfigi
WORLEY LTD,6562474,WOR.AX,WORLEY LTD,openfigi
IGO LTD,6439567,IGO.AX,IGO LTD,openfigi
CLEANAWAY WASTE,BYQ8KW7,CWY.AX,CLEANAWAY WASTE MANAGEMENT L,openfigi
ANSELL LTD,6286611,ANN.AX,ANSELL LTD,openfigi
AGL ENERGY LTD,BSS7GP5,AGL.AX,AGL ENERGY LTD,openfigi
CHALLENGER LTD,6726300,CGF.AX,CHALLENGER LTD,openfigi
A2 MILK CO LTD,BWSRTS7,A2M.AX,A2 MILK CO LTD,openfigi
MEGAPORT LTD,BZ5ZWZ3,MP1.AX,MEGAPORT LTD,openfigi
TELIX PHARMA,BF7M092,TLX.AX,TELIX PHARMACEUTICALS LTD,openfigi
VENTIA SERVICES,BNV08F0,VNT.AX,VENTIA SERVICES GROUP PTY LT,openfigi
BANK QUEENSLAND,6076243,BOQ.AX,BANK OF QUEENSLAND LTD,openfigi
CODAN LTD,6712611,CDA.AX,CODAN LTD,openfigi
REECE LTD,6728801,REH.AX,REECE LTD,openfigi
SIMS LTD,B0LCW75,SGM.AX,SIMS LTD,openfigi
EAGERS AUTO,6296201,APE.AX,EAGERS AUTOMOTIVE LTD,openfigi
PALADIN ENERGY,6668468,PDN.AX,PALADIN ENERGY LTD,openfigi
TREASURY WINE ES,B61JC67,TWE.AX,TREASURY WINE ESTATES LTD,openfigi
NIB HOLDINGS LTD,B28ZM60,NHF.AX,NIB HOLDINGS LTD,openfigi
AUB GROUP LTD,B0MBNC3,AUB.AX,AUB GROUP LTD,openfigi
ZIP CO LTD,BPP1Y77,ZIP.AX,ZIP CO LTD,openfigi
EMERALD RESOURCE,6107381,EMR.AX,EMERALD RESOURCES NL,openfigi
BREVILLE GROUP L,6158709,BRG.AX,BREVILLE GROUP LTD,openfigi
CHORUS LTD,B54F6S5,CNU.AX,CHORUS LTD,openfigi
METCASH LTD,B0744W4,MTS.AX,METCASH LTD,openfigi
PREDICTIVE DISCO,B3N05H9,PDI.AX,PREDICTIVE DISCOVERY LTD,openfigi
NRW HOLDINGS LTD,B23XW70,NWH.AX,NRW HOLDINGS LTD,openfigi
ILUKA RESOURCES,6957575,ILU.AX,ILUKA RESOURCES LTD,openfigi
NETWEALTH GROUP,BF52PL1,NWL.AX,NETWEALTH GROUP LTD,openfigi
PINNACLE INVESTM,BD0F7H1,PNI.AX,PINNACLE INVESTMENT MANAGEME,openfigi
CHARTER HLW REIT,BDB46J2,CLW.AX,CHARTER HALL LONG WALE REIT,openfigi
REGION GROUP,BPBMY63,RGN.AX,REGION GROUP,openfigi
MONADELPHOUS GRP,6600471,MND.AX,MONADELPHOUS GROUP LTD,openfigi
DALRYMPLE BAY IN,BNM6Z56,DBI.AX,DALRYMPLE BAY INFRASTRUCTURE,openfigi
RELIANCE WORLDWI,BD1DM79,RWC.AX,RELIANCE WORLDWIDE CORP LTD,openfigi
VIVA ENERGY GROU,BYQM3N1,VEA.AX,VIVA ENERGY GROUP LTD,openfigi
NEUREN PHARMACEU,B04LVF0,NEU.AX,NEUREN PHARMACEUTICALS LTD,openfigi
HARVEY NORMAN,6173508,HVN.AX,HARVEY NORMAN HOLDINGS LTD,openfigi
CHARTER HALL RET,6225595,CQR.AX,CHARTER HALL RETAIL REIT,openfigi
LIONTOWN LTD,B1J89V5,LTR.AX,LIONTOWN LTD,openfigi
NEW HOPE CORP LT,6681960,NHC.AX,NEW HOPE CORP LTD,openfigi
ATLAS ARTERIA,BZ03TZ1,ALX.AX,ATLAS ARTERIA,openfigi
4DMEDICAL LTD,BMX3786,4DX.AX,4DMEDICAL LTD,openfigi
TPG TELECOM LTD,BMB2257,TPG.AX,TPG TELECOM LTD,openfigi
LENDLEASE GROUP,6512004,LLC.AX,LENDLEASE GROUP,openfigi
HOMECO DAILY NEE,BNC0NF4,HDN.AX,HOMECO DAILY NEEDS REIT,openfigi
BELLEVUE GOLD LT,BFZ31P0,BGL.AX,BELLEVUE GOLD LTD,openfigi
YANCOAL AUSTRALI,B84LB45,YAL.AX,YANCOAL AUSTRALIA LTD,openfigi
BWP PROPERTY GRO,6127453,BWP.AX,BWP PROPERTY GROUP LTD,openfigi
FLIGHT CENTRE TR,6352147,FLT.AX,FLIGHT CENTRE TRAVEL GROUP L,openfigi
SUPER RETAIL GRO,B01C7R0,SUL.AX,SUPER RETAIL GROUP LTD,openfigi
PERPETUAL LTD,6682394,PPT.AX,PERPETUAL LTD,openfigi
RESOLUTE MINING,6410636,RSG.AX,RESOLUTE MINING LTD,openfigi
PERENTI LTD,BKRKNV4,PRN.AX,PERENTI LTD,openfigi
IMDEX LTD,6462154,IMD.AX,IMDEX LTD,openfigi
CENTURIA INDUSTR,BD31FD8,CIP.AX,CENTURIA INDUSTRIAL REIT,openfigi
SRG GLOBAL LTD,BFMZB82,SRG.AX,SRG GLOBAL LTD,openfigi
DETERRA ROYALTIE,BJP5T05,DRR.AX,DETERRA ROYALTIES LTD,openfigi
TABCORP HLDGS,6873262,TAH.AX,TABCORP HOLDINGS LTD,openfigi
MESOBLAST LTD,B04SF48,MSB.AX,MESOBLAST LTD,openfigi
DRONESHIELD LTD,BYV1JW4,DRO.AX,DRONESHIELD LTD,openfigi
INGENIA COMMUNIT,B84GSC7,INA.AX,INGENIA COMMUNITIES GROUP,openfigi
ORORA LTD,BH4TCW7,ORA.AX,ORORA LTD,openfigi
CATALYST METALS,B17P5V0,CYL.AX,CATALYST METALS LTD,openfigi
DICKER DATA LTD,B3YPKQ7,DDR.AX,DICKER DATA LTD,openfigi
SUPERLOOP LTD,BYPC6V1,SLC.AX,SUPERLOOP LTD,openfigi
ARB CORP LTD,BWV03W5,ARB.AX,ARB CORP LTD,openfigi
LOVISA HOLDINGS,BT9PVP0,LOV.AX,LOVISA HOLDINGS LTD,openfigi
ORA BANDA MINING,BKDX544,OBM.AX,ORA BANDA MINING LTD,openfigi
WAYPOINT REIT,BLBQ285,WPR.AX,WAYPOINT REIT,openfigi
BEGA CHEESE LTD,B56CQJ5,BGA.AX,BEGA CHEESE LTD,openfigi
EVT LTD,BDG0N49,EVT.AX,EVT LTD,openfigi
MAGELLAN FIN GRP,B015YX4,MFG.AX,MAGELLAN FINANCIAL GROUP LTD,openfigi
NICKEL INDUSTRIE,BZ7NDP2,NIC.AX,NICKEL INDUSTRIES LTD,openfigi
SMARTGROUP CORP,BNB5WS6,SIQ.AX,SMARTGROUP CORP LTD,openfigi
BEACH ENERGY LTD,6088204,BPT.AX,BEACH ENERGY LTD,openfigi
ELSIGHT LTD,BD36ZB1,ELS.AX,ELSIGHT LTD,openfigi
MINERALS 260 LTD,BMT8S71,MI6.AX,MINERALS 260 LTD,openfigi
ALKANE RESOURCES,6014027,ALK.AX,ALKANE RESOURCES LTD,openfigi
PYC THERAPEUTICS,B06NPT6,PYC.AX,PYC THERAPEUTICS LTD,openfigi
ARENA REIT,B99K263,ARF.AX,ARENA REIT,openfigi
FIREFLY METALS L,BPDXXB2,FFM.AX,FIREFLY METALS LTD,openfigi
NICK SCALI LTD,B00VZV8,NCK.AX,NICK SCALI LTD,openfigi
EQ RESOURCES LTD,BN7FK31,EQR.AX,EQ RESOURCES LTD,openfigi
SERVICE STREAM L,B04KLG8,SSM.AX,SERVICE STREAM LTD,openfigi
GUZMAN Y GOMEZ L,BSLTT82,GYG.AX,GUZMAN Y GOMEZ LTD,openfigi
ELECTRO OPTIC SY,6293990,EOS.AX,ELECTRO OPTIC SYSTEMS HOLDIN,openfigi
AUSTAL LTD,6137162,ASB.AX,AUSTAL LTD,openfigi
DATA#3 LTD,6093015,DTL.AX,DATA#3 LTD,openfigi
CHAMPION IRON LT,BLD1SB3,CIA.AX,CHAMPION IRON LTD,openfigi
DEEP YELLOW LTD,6480275,DYL.AX,DEEP YELLOW LTD,openfigi
HELIA GROUP LTD,BP5HL07,HLI.AX,HELIA GROUP LTD,openfigi
SUNRISE ENERGY M,BN4MX14,SRL.AX,SUNRISE ENERGY METALS LTD,openfigi
DEVELOP GLOBAL L,BNVQGB0,DVP.AX,DEVELOP GLOBAL LTD,openfigi
METALS X LTD,B02HJ56,MLX.AX,METALS X LTD,openfigi
GENERATION DEVEL,BF42CQ6,GDG.AX,GENERATION DEVELOPMENT GROUP,openfigi
IRESS LTD,6297497,IRE.AX,IRESS LTD,openfigi
NUFARM LTD,6335331,NUF.AX,NUFARM LTD,openfigi
GRAINCORP LTD-A,6102331,GNC.AX,GRAINCORP LTD-A,openfigi
MACMAHON HLDGS,6551160,MAH.AX,MACMAHON HOLDINGS LTD,openfigi
PWR HOLDINGS LTD,BZ168Z2,PWH.AX,PWR HOLDINGS LTD,openfigi
ASPEN GROUP,6361057,APZ.AX,ASPEN GROUP,openfigi
VULCAN ENERGY RE,BKYBH63,VUL.AX,VULCAN ENERGY RESOURCES LTD,openfigi
KAROON ENERGY LT,B00SV00,KAR.AX,KAROON ENERGY LTD,openfigi
PREMIER INV LTD,6699781,PMV.AX,PREMIER INVESTMENTS LTD,openfigi
DOMINO'S PIZZA E,B07SFG7,DMP.AX,DOMINO'S PIZZA ENTERPRISES L,openfigi
ELDERS LTD,6357852,ELD.AX,ELDERS LTD,openfigi
ELEVRA LITHIUM L,BVBM1M0,ELV.AX,ELEVRA LITHIUM LTD,openfigi
KINGSGATE CONSOL,6492731,KCN.AX,KINGSGATE CONSOLIDATED LTD,openfigi
REGIS HEALTHCARE,BQV68F9,REG.AX,REGIS HEALTHCARE LTD,openfigi
CREDIT CORP GRP,6287658,CCP.AX,CREDIT CORP GROUP LTD,openfigi
CENTURIA CAPITAL,6518745,CNI.AX,CENTURIA CAPITAL GROUP,openfigi
NINE ENTERTAINME,BGQV183,NEC.AX,NINE ENTERTAINMENT CO HOLDIN,openfigi
RIDLEY CORP,6738929,RIC.AX,RIDLEY CORP LTD,openfigi
MCMILLAN SHAKESP,B00G1Q0,MMS.AX,MCMILLAN SHAKESPEARE LTD,openfigi
AUSSIE BROADBAND,BM8HZC3,ABB.AX,AUSSIE BROADBAND LTD,openfigi
SITEMINDER LTD,BLH35X6,SDR.AX,SITEMINDER LTD,openfigi
IPH LTD,BS7K5S1,IPH.AX,IPH LTD,openfigi
JUDO CAPITAL HOL,BMW7F41,JDO.AX,JUDO CAPITAL HOLDINGS LTD,openfigi
SILEX SYSTEMS,6111735,SLX.AX,SILEX SYSTEMS LTD,openfigi
DIGICO INFRASTRU,BTCHK67,DGT.AX,DIGICO INFRASTRUCTURE REIT,openfigi
WEB TRAVEL GROUP,6015815,WEB.AX,WEB TRAVEL GROUP LTD,openfigi
PEXA GROUP LTD,BMD0WJ3,PXA.AX,PEXA GROUP LTD,openfigi
MAAS GROUP HOLDI,BLD4919,MGH.AX,MAAS GROUP HOLDINGS LTD,openfigi
STANMORE RESOURC,B4KDPZ6,SMR.AX,STANMORE RESOURCES LTD,openfigi
BRAVURA SOLUTION,BZBHBM3,BVS.AX,BRAVURA SOLUTIONS LTD,openfigi
INTEGRAL DIAGNOS,BYV2ZK7,IDX.AX,INTEGRAL DIAGNOSTICS LTD,openfigi
IPERIONX LTD,BMCB2H5,IPX.AX,IPERIONX LTD,openfigi
CATAPULT SPORTS,BTL0Y76,CAT.AX,CATAPULT SPORTS LTD,openfigi
HANSEN TECH,6243252,HSN.AX,HANSEN TECHNOLOGIES LTD,openfigi
REGAL PARTNERS L,BMFX892,RPL.AX,REGAL PARTNERS LTD,openfigi
CHARTER HALL SOC,BHJVMY0,CQE.AX,CHARTER HALL SOCIAL INFRASTR,openfigi
MYSTATE LTD,B41XHK4,MYS.AX,MYSTATE LTD,openfigi
TASMEA LTD,BRSCC77,TEA.AX,TASMEA LTD,openfigi
L1 GROUP LTD,BSPVFM0,L1G.AX,L1 GROUP LTD,openfigi
RURAL FUNDS TRUS,BJVD378,RFF.AX,RURAL FUNDS TRUST,openfigi
DEXUS INDUSTRIA,BP2RQ94,DXI.AX,DEXUS INDUSTRIA REIT,openfigi
INGHAMS GROUP LT,BZCNHW2,ING.AX,INGHAMS GROUP LTD,openfigi
COLLINS FOODS LT,B6QCFP1,CKF.AX,COLLINS FOODS LTD,openfigi
SOUTHERN CROSS E,B296336,SXE.AX,SOUTHERN CROSS ELECTRICAL,openfigi
NANOSONICS LTD,B1WF979,NAN.AX,NANOSONICS LTD,openfigi
KELSIAN GROUP LT,BPBKR80,KLS.AX,KELSIAN GROUP LTD,openfigi
SUPPLY NETWORK L,6580993,SNL.AX,SUPPLY NETWORK LTD,openfigi
OOH!MEDIA LTD,BSXN8D0,OML.AX,OOH!MEDIA LTD,openfigi
WEEBIT NANO LTD,BD82NL0,WBT.AX,WEEBIT NANO LTD,openfigi
BLACK CAT SYNDIC,BFX28Y7,BC8.AX,BLACK CAT SYNDICATE LTD,openfigi
IDP EDUCATION LT,BDB6DD1,IEL.AX,IDP EDUCATION LTD,openfigi
ARAFURA RARE EAR,6711726,ARU.AX,ARAFURA RARE EARTHS LTD,openfigi
RICEGROWERS LIMI,BJKDGL4,SGLLV.AX,RICEGROWERS LIMITED,openfigi
GENUSPLUS GROUP,BMCQZF9,GNP.AX,GENUSPLUS GROUP LTD,openfigi
CLARITY PHARMACE,BMCHJF0,CU6.AX,CLARITY PHARMACEUTICALS LTD,openfigi
GEMLIFE COMMUNIT,BQYL129,GLF.AX,GEMLIFE COMMUNITIES GROUP,openfigi
AMOTIV LTD,BQH8HH4,AOV.AX,AMOTIV LTD,openfigi
CROMWELL PROPERT,6225476,CMW.AX,CROMWELL PROPERTY GROUP,openfigi
PANTORO GOLD LTD,6210289,PNR.AX,PANTORO GOLD LTD,openfigi
WA1 RESOURCES LT,BN10LP1,WA1.AX,WA1 RESOURCES LTD,openfigi
HMC CAPITAL LTD,BJRBL61,HMC.AX,HMC CAPITAL LTD,openfigi
MACQUARIE TECHNO,6175054,MAQ.AX,MACQUARIE TECHNOLOGY GROUP L,openfigi
PEPPER MONEY LTD,BMBPP68,PPM.AX,PEPPER MONEY LTD/AU,openfigi
VULCAN STEEL LTD,BMG3PV2,VSL.AX,VULCAN STEEL LTD,openfigi
CENTURIA OFFICE,BKTW448,COF.AX,CENTURIA OFFICE REIT,openfigi
OMNI BRIDGEWAY L,BM95XH7,OBL.AX,OMNI BRIDGEWAY LTD,openfigi
GROWTHPOINT PROP,B1Y9BC8,GOZ.AX,GROWTHPOINT PROPERTIES AUSTR,openfigi
IPD GROUP LTD,BP9SCC5,IPG.AX,IPD GROUP LTD,openfigi
MA FINANCIAL GRO,BMYZBN4,MAF.AX,MA FINANCIAL GROUP LTD,openfigi
CEDAR WOODS PROP,6182281,CWP.AX,CEDAR WOODS PROPERTIES LTD,openfigi
ALPHA HPA LTD,BH0K666,A4N.AX,ALPHA HPA LTD,openfigi
JUMBO INTERACTIV,6524474,JIN.AX,JUMBO INTERACTIVE LTD,openfigi
AUSTRALIAN CLINI,BMWLLJ0,ACL.AX,AUSTRALIAN CLINICAL LABS LTD,openfigi
GWA GROUP LTD,6392949,GWA.AX,GWA GROUP LTD,openfigi
VIRGIN AUSTRALIA,BT1BC31,VGN.AX,VIRGIN AUSTRALIA HOLDINGS LT,openfigi
BRAZILIAN RARE E,BMVMLB6,BRE.AX,BRAZILIAN RARE EARTHS LTD,openfigi
TEMPLE & WEBSTER,BZ1MWM5,TPW.AX,TEMPLE & WEBSTER GROUP LTD,openfigi
TYRO PAYMENTS LT,BL0KWK0,TYR.AX,TYRO PAYMENTS LTD,openfigi
ST BARBARA LTD,6317072,SBM.AX,ST BARBARA LTD,openfigi
REDOX LTD/AUSTRA,BQ81P89,RDX.AX,REDOX LTD/AUSTRALIA,openfigi
PROPEL FUNERAL P,BYWQNJ3,PFP.AX,PROPEL FUNERAL PARTNERS LTD,openfigi
NAVIGATOR GLOBAL,BFN1D38,NGI.AX,NAVIGATOR GLOBAL INVESTMENTS,openfigi
BANNERMAN ENERGY,B07DXJ1,BMN.AX,BANNERMAN ENERGY LTD,openfigi
STORAGE KING GRO,BVPFTH6,SKG.AX,STORAGE KING GROUP,openfigi
HEALTHCO REIT,BNHNN03,HCW.AX,HEALTHCO REIT,openfigi
AMPLITUDE ENERGY,BLGTZK2,AEL.AX,AMPLITUDE ENERGY LTD,openfigi
QUALITAS LTD,BPK3CM9,QAL.AX,QUALITAS LTD,openfigi
BCI MINERALS LTD,B1J0VB5,BCI.AX,BCI MINERALS LTD,openfigi
MADER GROUP LTD,BHNG8Z4,MAD.AX,MADER GROUP LTD,openfigi
BOSS ENERGY LTD,B1XLCQ6,BOE.AX,BOSS ENERGY LTD,openfigi
CHALICE MINING L,B0ZGW28,CHN.AX,CHALICE MINING LTD,openfigi
LIFESTYLE COMMUN,6137195,LIC.AX,LIFESTYLE COMMUNITIES LTD,openfigi
TUAS LTD,BM94P78,TUA.AX,TUAS LTD,openfigi
EQT HOLDINGS LTD,BD5WNY6,EQT.AX,EQT HOLDINGS LTD,openfigi
POLYNOVO LTD,BSJBZM6,PNV.AX,POLYNOVO LTD,openfigi
LYCOPODIUM LTD,B044438,LYL.AX,LYCOPODIUM LTD,openfigi
SELECT HARVESTS,6260723,SHV.AX,SELECT HARVESTS LTD,openfigi
FLEETPARTNERS GR,BN7HDZ0,FPR.AX,FLEETPARTNERS GROUP LTD,openfigi
CHRYSOS CORP LTD,BPNXX01,C79.AX,CHRYSOS CORP LTD,openfigi
AUST ETHICAL INV,6568212,AEF.AX,AUSTRALIAN ETHICAL INVT LTD,openfigi
TIVAN LTD,BPXW030,TVN.AX,TIVAN LTD,openfigi
OBJECTIVE CORP,6283407,OCL.AX,OBJECTIVE CORPORATION LTD,openfigi
BEACON LIGHT GRO,BKXF175,BLX.AX,BEACON LIGHTING GROUP LTD,openfigi
HEALIUS LTD,BFZYRL1,HLS.AX,HEALIUS LTD,openfigi
CLINUVEL PHARMAC,6328405,CUV.AX,CLINUVEL PHARMACEUTICALS LTD,openfigi
NUIX LTD,BMW7P63,NXL.AX,NUIX LTD,openfigi
EMECO HOLDINGS L,B1978V5,EHL.AX,EMECO HOLDINGS LTD,openfigi
ABACUS GROUP,BQV4PB8,ABG.AX,ABACUS GROUP,openfigi
MYER HOLDINGS,B50YPZ6,MYR.AX,MYER HOLDINGS LTD,openfigi
ACCENT GROUP LTD,BD20RS5,AX1.AX,ACCENT GROUP LTD,openfigi
BAPCOR LTD,BLD2CY7,BAP.AX,BAPCOR LTD,openfigi
GENTRACK GROUP L,BNJZLK3,GTK.AX,GENTRACK GROUP LTD,openfigi
AUSTRALIAN FINAN,BY4K6K5,AFG.AX,AUSTRALIAN FINANCE GROUP LTD,openfigi
FOCUS MINERALS L,6289665,FML.AX,FOCUS MINERALS LTD,openfigi
JUPITER MINES LT,BF4J2C3,JMS.AX,JUPITER MINES LTD,openfigi
ADAIRS LTD,BYYT7Q5,ADH.AX,ADAIRS LTD,openfigi
MGX RESOURCES LT,6963743,MGX.AX,MGX RESOURCES LTD,openfigi
AUSTRALIAN AGRIC,6382285,AAC.AX,AUSTRALIAN AGRICULTURAL CO,openfigi
IONEER LTD,BGYBHZ4,INR.AX,IONEER LTD,openfigi
DATELINE RESOURC,BHCQB45,DTR.AX,DATELINE RESOURCES LTD,openfigi
AUTOSPORTS GRP,BZBHBJ0,ASG.AX,AUTOSPORTS GROUP LTD,openfigi
PREDICTIVE DISCO,BNC3LR1,PDIDB.AX,PREDICTIVE DISCOVERY LTD,openfigi
