ticker,company
BHP.AX,BHP GROUP LTD
CBA.AX,COMMONWEALTH BANK OF AUSTRAL
NAB.AX,NATIONAL AUSTRALIA BANK LTD
WBC.AX,WESTPAC BANKING CORP
ANZ.AX,ANZ GROUP HOLDINGS LTD
CSL.AX,CSL LTD
MQG.AX,MACQUARIE GROUP LTD
WES.AX,WESFARMERS LTD
RIO.AX,RIO TINTO LTD
WDS.AX,WOODSIDE ENERGY GROUP LTD
TLS.AX,TELSTRA GROUP LTD
GMG.AX,GOODMAN GROUP
WOW.AX,WOOLWORTHS GROUP LTD
TCL.AX,TRANSURBAN GROUP
QBE.AX,QBE INSURANCE GROUP LTD
ALL.AX,ARISTOCRAT LEISURE LTD
COL.AX,COLES GROUP LTD
NST.AX,NORTHERN STAR RESOURCES LTD
STO.AX,SANTOS LTD
EVN.AX,EVOLUTION MINING LTD
FMG.AX,FORTESCUE LTD
BXB.AX,BRAMBLES LTD
S32.AX,SOUTH32 LTD
CPU.AX,COMPUTERSHARE LTD
SUN.AX,SUNCORP GROUP LTD
ORG.AX,ORIGIN ENERGY LTD
IAG.AX,INSURANCE AUSTRALIA GROUP
SCG.AX,SCENTRE GROUP
SOL.AX,WASHINGTON H SOUL PATTINSON
APA.AX,APA GROUP
QAN.AX,QANTAS AIRWAYS LTD
BSL.AX,BLUESCOPE STEEL LTD
SIG.AX,SIGMA HEALTHCARE LTD
LYC.AX,LYNAS RARE EARTHS LTD
MPL.AX,MEDIBANK PRIVATE LTD
PLS.AX,PLS GROUP LTD
ASX.AX,ASX LTD
ORI.AX,ORICA LTD
TLC.AX,LOTTERY CORP LTD/THE
ALD.AX,AMPOL LTD
ALQ.AX,ALS LTD
SFR.AX,SANDFIRE RESOURCES LTD
RHC.AX,RAMSAY HEALTH CARE LTD
SGP.AX,STOCKLAND
XRO.AX,XERO LTD
COH.AX,COCHLEAR LTD
VCX.AX,VICINITY CENTRES
MIN.AX,MINERAL RESOURCES LTD
PRU.AX,PERSEUS MINING LTD
SHL.AX,SONIC HEALTHCARE LTD
TNE.AX,TECHNOLOGY ONE LTD
PME.AX,PRO MEDICUS LTD
NXT.AX,NEXTDC LTD
GPT.AX,GPT GROUP
GMD.AX,GENESIS MINERALS LTD
CHC.AX,CHARTER HALL GROUP
CAR.AX,CAR GROUP LTD
RMS.AX,RAMELIUS RESOURCES LTD
JBH.AX,JB HI-FI LTD
SGH.AX,SGH LTD
REA.AX,REA GROUP LTD
MGR.AX,MIRVAC GROUP
VAU.AX,VAULT MINERALS LTD
AZJ.AX,AURIZON HOLDINGS LTD
CMM.AX,CAPRICORN METALS LTD
DNL.AX,DYNO NOBEL LTD
AMP.AX,AMP LTD
ANN.AX,ANSELL LTD
SDF.AX,STEADFAST GROUP LTD
WTC.AX,WISETECH GLOBAL LTD
CDA.AX,CODAN LTD
BEN.AX,BENDIGO AND ADELAIDE BANK
DXS.AX,DEXUS/AU
RRL.AX,REGIS RESOURCES LTD
WHC.AX,WHITEHAVEN COAL LTD
CWY.AX,CLEANAWAY WASTE MANAGEMENT L
GGP.AX,GREATLAND RESOURCES LTD
CGF.AX,CHALLENGER LTD
WGX.AX,WESTGOLD RESOURCES LTD
AGL.AX,AGL ENERGY LTD
HUB.AX,HUB24 LTD
MP1.AX,MEGAPORT LTD
VNT.AX,VENTIA SERVICES GROUP PTY LT
A2M.AX,A2 MILK CO LTD
IGO.AX,IGO LTD
DOW.AX,DOWNER EDI LTD
EDV.AX,ENDEAVOUR GROUP LTD/AUSTRALI
WOR.AX,WORLEY LTD
TLX.AX,TELIX PHARMACEUTICALS LTD
BOQ.AX,BANK OF QUEENSLAND LTD
REH.AX,REECE LTD
SGM.AX,SIMS LTD
PDN.AX,PALADIN ENERGY LTD
TWE.AX,TREASURY WINE ESTATES LTD
EMR.AX,EMERALD RESOURCES NL
SEK.AX,SEEK LTD
PDI.AX,PREDICTIVE DISCOVERY LTD
NWH.AX,NRW HOLDINGS LTD
RWC.AX,RELIANCE WORLDWIDE CORP LTD
VEA.AX,VIVA ENERGY GROUP LTD
AUB.AX,AUB GROUP LTD
APE.AX,EAGERS AUTOMOTIVE LTD
NHF.AX,NIB HOLDINGS LTD
MTS.AX,METCASH LTD
MND.AX,MONADELPHOUS GROUP LTD
BRG.AX,BREVILLE GROUP LTD
NHC.AX,NEW HOPE CORP LTD
CNU.AX,CHORUS LTD
RGN.AX,REGION GROUP
ILU.AX,ILUKA RESOURCES LTD
DBI.AX,DALRYMPLE BAY INFRASTRUCTURE
RSG.AX,RESOLUTE MINING LTD
NEU.AX,NEUREN PHARMACEUTICALS LTD
CLW.AX,CHARTER HALL LONG WALE REIT
ZIP.AX,ZIP CO LTD
TPG.AX,TPG TELECOM LTD
EOS.AX,ELECTRO OPTIC SYSTEMS HOLDIN
BGL.AX,BELLEVUE GOLD LTD
SRG.AX,SRG GLOBAL LTD
4DX.AX,4DMEDICAL LTD
NWL.AX,NETWEALTH GROUP LTD
HVN.AX,HARVEY NORMAN HOLDINGS LTD
CQR.AX,CHARTER HALL RETAIL REIT
LTR.AX,LIONTOWN LTD
SRL.AX,SUNRISE ENERGY METALS LTD
PNI.AX,PINNACLE INVESTMENT MANAGEME
YAL.AX,YANCOAL AUSTRALIA LTD
OBM.AX,ORA BANDA MINING LTD
BWP.AX,BWP PROPERTY GROUP LTD
TAH.AX,TABCORP HOLDINGS LTD
MI6.AX,MINERALS 260 LTD
ALK.AX,ALKANE RESOURCES LTD
PYC.AX,PYC THERAPEUTICS LTD
PRN.AX,PERENTI LTD
CIP.AX,CENTURIA INDUSTRIAL REIT
PPT.AX,PERPETUAL LTD
SUL.AX,SUPER RETAIL GROUP LTD
ALX.AX,ATLAS ARTERIA
DDR.AX,DICKER DATA LTD
DRR.AX,DETERRA ROYALTIES LTD
MSB.AX,MESOBLAST LTD
NIC.AX,NICKEL INDUSTRIES LTD
HDN.AX,HOMECO DAILY NEEDS REIT
INA.AX,INGENIA COMMUNITIES GROUP
ORA.AX,ORORA LTD
CYL.AX,CATALYST METALS LTD
LOV.AX,LOVISA HOLDINGS LTD
FLT.AX,FLIGHT CENTRE TRAVEL GROUP L
IMD.AX,IMDEX LTD
BGA.AX,BEGA CHEESE LTD
EVT.AX,EVT LTD
DTL.AX,DATA#3 LTD
MLX.AX,METALS X LTD
GNC.AX,GRAINCORP LTD-A
LLC.AX,LENDLEASE GROUP
EQR.AX,EQ RESOURCES LTD
SIQ.AX,SMARTGROUP CORP LTD
SSM.AX,SERVICE STREAM LTD
ASB.AX,AUSTAL LTD
BPT.AX,BEACH ENERGY LTD
WPR.AX,WAYPOINT REIT
SLC.AX,SUPERLOOP LTD
ARB.AX,ARB CORP LTD
KCN.AX,KINGSGATE CONSOLIDATED LTD
DRO.AX,DRONESHIELD LTD
FFM.AX,FIREFLY METALS LTD
ELD.AX,ELDERS LTD
KAR.AX,KAROON ENERGY LTD
GYG.AX,GUZMAN Y GOMEZ LTD
CIA.AX,CHAMPION IRON LTD
HLI.AX,HELIA GROUP LTD
SXE.AX,SOUTHERN CROSS ELECTRICAL
MFG.AX,MAGELLAN FINANCIAL GROUP LTD
DVP.AX,DEVELOP GLOBAL LTD
MAH.AX,MACMAHON HOLDINGS LTD
NUF.AX,NUFARM LTD
GDG.AX,GENERATION DEVELOPMENT GROUP
IRE.AX,IRESS LTD
DYL.AX,DEEP YELLOW LTD
CBO.AX,COBRAM ESTATE OLIVES LTD
TEA.AX,TASMEA LTD
MGH.AX,MAAS GROUP HOLDINGS LTD
PMV.AX,PREMIER INVESTMENTS LTD
DMP.AX,DOMINO'S PIZZA ENTERPRISES L
NCK.AX,NICK SCALI LTD
BVS.AX,BRAVURA SOLUTIONS LTD
PNR.AX,PANTORO GOLD LTD
CNI.AX,CENTURIA CAPITAL GROUP
MMS.AX,MCMILLAN SHAKESPEARE LTD
CCL.AX,CUSCAL LTD
ABB.AX,AUSSIE BROADBAND LTD
WEB.AX,WEB TRAVEL GROUP LTD
JDO.AX,JUDO CAPITAL HOLDINGS LTD
SBM.AX,ST BARBARA LTD
SLX.AX,SILEX SYSTEMS LTD
DGT.AX,DIGICO INFRASTRUCTURE REIT
ELS.AX,ELSIGHT LTD
CXO.AX,CORE LITHIUM LTD
SMR.AX,STANMORE RESOURCES LTD
IDX.AX,INTEGRAL DIAGNOSTICS LTD
IPX.AX,IPERIONX LTD
CAT.AX,CATAPULT SPORTS LTD
A4N.AX,ALPHA HPA LTD
LIN.AX,LINDIAN RESOURCES LTD
VUL.AX,VULCAN ENERGY RESOURCES LTD
CQE.AX,CHARTER HALL SOCIAL INFRASTR
MYS.AX,MYSTATE LTD
L1G.AX,L1 GROUP LTD
RFF.AX,RURAL FUNDS TRUST
DXI.AX,DEXUS INDUSTRIA REIT
ING.AX,INGHAMS GROUP LTD
PWH.AX,PWR HOLDINGS LTD
APZ.AX,ASPEN GROUP
VGN.AX,VIRGIN AUSTRALIA HOLDINGS LT
CKF.AX,COLLINS FOODS LTD
NAN.AX,NANOSONICS LTD
KLS.AX,KELSIAN GROUP LTD
SNL.AX,SUPPLY NETWORK LTD
SDR.AX,SITEMINDER LTD
IPH.AX,IPH LTD
OML.AX,OOH!MEDIA LTD
WBT.AX,WEEBIT NANO LTD
BMN.AX,BANNERMAN ENERGY LTD
PXA.AX,PEXA GROUP LTD
ARU.AX,ARAFURA RARE EARTHS LTD
REG.AX,REGIS HEALTHCARE LTD
GNP.AX,GENUSPLUS GROUP LTD
CU6.AX,CLARITY PHARMACEUTICALS LTD
CCP.AX,CREDIT CORP GROUP LTD
GLF.AX,GEMLIFE COMMUNITIES GROUP
AOV.AX,AMOTIV LTD
BOE.AX,BOSS ENERGY LTD
ELV.AX,ELEVRA LITHIUM LTD
FPR.AX,FLEETPARTNERS GROUP LTD
RIC.AX,RIDLEY CORP LTD
NEC.AX,NINE ENTERTAINMENT CO HOLDIN
ARF.AX,ARENA REIT
HMC.AX,HMC CAPITAL LTD
MAQ.AX,MACQUARIE TECHNOLOGY GROUP L
VSL.AX,VULCAN STEEL LTD
COF.AX,CENTURIA OFFICE REIT
GOZ.AX,GROWTHPOINT PROPERTIES AUSTR
IPG.AX,IPD GROUP LTD
MAF.AX,MA FINANCIAL GROUP LTD
CWP.AX,CEDAR WOODS PROPERTIES LTD
HSN.AX,HANSEN TECHNOLOGIES LTD
ACL.AX,AUSTRALIAN CLINICAL LABS LTD
NXL.AX,NUIX LTD
GWA.AX,GWA GROUP LTD
BRE.AX,BRAZILIAN RARE EARTHS LTD
RPL.AX,REGAL PARTNERS LTD
TPW.AX,TEMPLE & WEBSTER GROUP LTD
RDX.AX,REDOX LTD/AUSTRALIA
SKS.AX,SKS TECHNOLOGIES GROUP LTD
NGI.AX,NAVIGATOR GLOBAL INVESTMENTS
WGN.AX,WAGNERS HOLDING CO LTD
BC8.AX,BLACK CAT SYNDICATE LTD
SKG.AX,STORAGE KING GROUP
IEL.AX,IDP EDUCATION LTD
AEL.AX,AMPLITUDE ENERGY LTD
GNG.AX,GR ENGINEERING SERVICES LTD
BCI.AX,BCI MINERALS LTD
CMW.AX,CROMWELL PROPERTY GROUP
CHN.AX,CHALICE MINING LTD
LIC.AX,LIFESTYLE COMMUNITIES LTD
TUA.AX,TUAS LTD
EQT.AX,EQT HOLDINGS LTD
WA1.AX,WA1 RESOURCES LTD
PNV.AX,POLYNOVO LTD
LYL.AX,LYCOPODIUM LTD
SHV.AX,SELECT HARVESTS LTD
CVL.AX,CIVMEC LTD
C79.AX,CHRYSOS CORP LTD
AEF.AX,AUSTRALIAN ETHICAL INVT LTD
OCL.AX,OBJECTIVE CORPORATION LTD
JIN.AX,JUMBO INTERACTIVE LTD
BLX.AX,BEACON LIGHTING GROUP LTD
CUV.AX,CLINUVEL PHARMACEUTICALS LTD
EHL.AX,EMECO HOLDINGS LTD
ABG.AX,ABACUS GROUP
MYR.AX,MYER HOLDINGS LTD
AX1.AX,ACCENT GROUP LTD
PPM.AX,PEPPER MONEY LTD/AU
GTK.AX,GENTRACK GROUP LTD
AFG.AX,AUSTRALIAN FINANCE GROUP LTD
FML.AX,FOCUS MINERALS LTD
JMS.AX,JUPITER MINES LTD
MAD.AX,MADER GROUP LTD
EIQ.AX,ECHOIQ LTD
MGX.AX,MGX RESOURCES LTD
AAC.AX,AUSTRALIAN AGRICULTURAL CO
TVN.AX,TIVAN LTD
INR.AX,IONEER LTD
TYR.AX,TYRO PAYMENTS LTD
HCW.AX,HEALTHCO REIT
QAL.AX,QUALITAS LTD
PFP.AX,PROPEL FUNERAL PARTNERS LTD
